[{"RoomNo":101,"RoomType":"Deluxe","MaxRoomCapacity":3,"MinimumRate":3000,"MaximumRate":5500},
{"RoomNo":102,"RoomType":"Super Deluxe","MaxRoomCapacity":3,"MinimumRate":4000,"MaximumRate":6500},
{"RoomNo":103,"RoomType":"Deluxe-Garden Facing","MaxRoomCapacity":6,"MinimumRate":5500,"MaximumRate":7000},
{"RoomNo":104,"RoomType":"Super Deluxe- Garden Facing","MaxRoomCapacity":4,"MinimumRate":6500,"MaximumRate":9000},
{"RoomNo":201,"RoomType":"Deluxe","MaxRoomCapacity":3,"MinimumRate":3000,"MaximumRate":5500},
{"RoomNo":202,"RoomType":"Super Deluxe","MaxRoomCapacity":3,"MinimumRate":4000,"MaximumRate":6500},
{"RoomNo":203,"RoomType":"Deluxe-Garden Facing","MaxRoomCapacity":6,"MinimumRate":5500,"MaximumRate":7000},
{"RoomNo":204,"RoomType":"Super Deluxe-Garden Facing","MaxRoomCapacity":4,"MinimumRate":6500,"MaximumRate":9000}

]