[
    {"TranId":121,"RechargeDateTime":"03/23/2019","RechargeCategory":"Rate Cutter","RechargeAmount":250,"MobileNo":8237573074,"Details":"18 Gb Data"},
    {"TranId":122,"RechargeDateTime":"04/23/2019","RechargeCategory":"Talk Time","RechargeAmount":100,"MobileNo":8237573075,"Details":"100 Taktime"},
    {"TranId":123,"RechargeDateTime":"05/23/2019","RechargeCategory":"4G","RechargeAmount":200,"MobileNo":8237573076,"Details":"4 Gb Data"},
    {"TranId":124,"RechargeDateTime":"06/23/2019","RechargeCategory":"3G","RechargeAmount":300,"MobileNo":8237573077,"Details":"1 Gb Data"}
]